High,Low
415.085,413.745
415.085,413.745
415.085,413.86
415.085,413.86
415.1086,413.86
415.1086,413.86
415.1086,413.86
415.1086,413.86
415.1086,413.86
415.1086,413.86
415.1086,413.86
415.1086,413.86
415.1086,413.86
415.1086,414.1
415.1086,414.1
415.1086,414.1
415.1086,414.17
415.1086,414.26
415.1086,414.28
415.1086,414.28
415.1086,414.335
415.1086,414.46
415.11,414.46
415.12,414.46
415.17,414.46
415.2006,414.46
415.2006,414.46
415.35,414.51
415.35,414.51
415.38,414.51
415.52,414.51
415.52,414.51
415.52,414.51
415.52,414.51
415.52,414.51
415.52,414.51
415.52,414.51
415.52,414.51
415.52,414.51
415.52,414.51
415.52,414.51
415.52,414.51
415.52,414.51
415.52,414.51
415.52,414.51
415.52,414.51
415.52,414.51
415.52,414.51
415.52,414.51
415.52,414.51
415.52,414.51
415.52,414.51
415.52,414.51
415.52,414.545
415.52,414.545
415.52,414.545
415.52,414.545
415.52,414.545
415.52,414.66
415.52,414.66
415.52,414.66
415.52,414.66
415.52,414.66
415.52,414.66
415.52,414.66
415.52,414.66
415.52,414.66
415.52,414.66
415.52,414.66
415.52,414.66
415.52,414.66
415.52,414.66
415.52,414.71
415.52,414.8
415.52,414.8
415.52,414.8
415.52,414.8
415.52,414.8
415.52,414.8
415.52,414.8
415.52,414.8
415.52,414.8
415.52,414.8
415.52,414.8
415.52,414.8
415.52,414.8
415.52,414.8
415.52,414.65
415.52,414.61
415.52,414.61
415.52,414.61
415.52,414.61
415.52,414.61
415.52,414.61
415.52,414.61
415.52,414.61
415.52,414.61
415.52,414.61
415.52,414.61
415.52,414.61
415.52,414.61
415.52,414.61
415.52,414.61
415.52,414.61
415.52,414.61
415.52,414.61
415.52,414.61
415.52,414.61
415.52,414.61
415.52,414.61
415.52,414.61
415.52,414.61
415.52,414.61
415.52,414.61
415.52,414.61
415.52,414.61
415.52,414.61
415.52,414.61
415.52,414.61
415.52,414.61
415.52,414.61
415.52,414.61
415.52,414.61
415.52,414.555
415.45,414.555
415.45,414.555
415.45,414.555
415.45,414.555
415.45,414.41
415.45,414.41
415.45,414.41
415.45,414.41
415.45,414.385
415.45,414.24
415.45,414.24
415.45,414.24
415.45,414.24
415.45,414.24
415.45,414.24
415.45,414.21
415.45,414.1802
415.45,414.1802
415.45,414.1802
415.45,414.1802
415.45,414.1802
415.45,414.1802
415.45,414.1802
415.45,414.1802
415.45,414.1802
415.45,414.1802
415.45,414.1802
415.45,414.1802
415.45,414.1802
415.45,414.1802
415.45,414.1802
415.435,414.1802
415.435,414.1802
415.41,414.1802
415.41,414.1802
415.34,414.1802
415.29,414.1802
415.28,414.1802
415.17,414.1802
415.2,414.1802
415.24,414.1802
415.24,414.1802
415.24,414.1802
415.265,414.1802
415.265,414.1802
415.365,414.1802
415.45,414.1802
415.515,414.1802
415.515,414.1802
415.515,414.1802
415.515,414.1802
415.515,414.1802
415.515,414.1802
415.515,414.1802
415.515,414.1802
415.515,414.1802
415.515,414.1802
415.515,414.1802
415.515,414.1802
415.515,414.1802
415.515,414.1802
415.515,414.1802
415.515,414.1802
415.515,414.1802
415.515,414.1802
415.515,414.1802
415.515,414.1802
415.515,414.1802
415.515,414.1802
415.515,414.1802
415.515,414.1802
415.515,414.1802
415.515,414.1802
415.515,414.1802
415.515,414.1802
415.515,414.1802
415.515,414.1802
415.515,414.29
415.515,414.31
415.515,414.41
415.515,414.41
415.515,414.41
415.515,414.41
415.67,414.57
415.67,414.65
415.67,414.65
415.75,414.725
416.85,415.77
416.85,415.77
416.92,415.77
417.31,415.77
417.31,415.77
417.31,415.855
417.31,415.855
417.31,415.855
417.31,415.855
417.31,415.855
417.3899,415.855
417.41,415.855
417.41,415.855
417.41,415.855
417.41,415.895
417.41,416
417.41,416.07
417.41,416.07
417.41,416.07
417.41,416.07
417.41,416.07
417.41,416.07
417.41,416.07
417.41,416.07
417.41,416.07
417.41,416.07
417.41,416.07
417.41,416.07
417.41,416.115
417.41,416.27
417.41,416.27
417.41,416.33
417.41,416.37
417.41,416.45
417.41,416.45
417.41,416.45
417.41,416.45
417.41,416.45
417.41,416.45
417.41,416.5001
417.41,416.5001
417.41,416.5001
417.41,416.5001
417.41,416.5001
417.41,416.5001
417.41,416.53
417.41,416.57
417.41,416.62
417.41,416.62
417.41,416.62
417.41,416.62
417.41,416.67
417.41,416.67
417.41,416.68
417.41,416.68
417.41,416.68
417.41,416.68
417.41,416.68
417.41,416.76
417.41,416.76
417.41,416.8
417.41,416.8
417.41,416.745
417.41,416.745
417.41,416.73
417.41,416.73
417.41,416.73
417.41,416.73
417.41,416.73
417.41,416.67
417.41,416.67
417.41,416.67
417.4,416.67
417.38,416.67
417.37,416.67
417.295,416.67
417.295,416.67
417.295,416.67
417.295,416.67
417.295,416.67
417.295,416.67
417.295,416.67
417.295,416.67
417.295,416.67
417.295,416.67
417.295,416.67
417.295,416.67
417.295,416.67
417.295,416.67
417.295,416.67
417.295,416.67
417.2601,416.67
417.2601,416.67
417.2601,416.67
417.26,416.67
417.26,416.67
417.26,416.67
417.26,416.67
417.26,416.67
417.26,416.67
417.26,416.67
417.26,416.67
417.26,416.67
417.26,416.67
417.26,416.67
417.26,416.67
417.26,416.67
417.26,416.65
417.26,416.65
417.21,416.65
417.195,416.65
417.195,416.59
417.195,416.59
417.195,416.59
417.195,416.59
417.19,416.59
417.19,416.52
417.19,416.52
417.14,416.52
417.14,416.495
417.14,416.49
417.14,416.49
417.14,416.49
417.14,416.3824
417.14,416.22
417.14,416.03
417.14,415.675
417.14,415.675
417.14,415.56
417.14,415.52
417.14,415.52
417.14,415.52
417.14,415.52
417.14,415.52
417.13,415.52
417.13,415.52
417.13,415.52
417.13,415.52
417.13,415.52
417.13,415.52
417.13,415.52
417.06,415.52
417.06,415.52
417.06,415.52
417.06,415.52
417.06,415.52
417.06,415.52
417.06,415.52
417.06,415.52
417.06,415.52
417.06,415.52
417.06,415.52
417.06,415.52
417.06,415.52
417.04,415.52
417.01,415.52
416.97,415.52
416.97,415.52
416.97,415.52
416.97,415.52
416.97,415.52
416.97,415.52
416.955,415.52
416.955,415.52
416.79,415.52
416.79,415.52
416.72,415.52
416.72,415.52
416.72,415.52
416.72,415.52
416.72,415.52
416.72,415.52
416.72,415.52
416.72,415.52
416.72,415.52
416.7,415.52
416.5932,415.52
416.5932,415.52
416.5932,415.52
416.57,415.52
416.57,415.52
416.57,415.52
416.51,415.52
416.3824,415.52
416.22,415.52
416.18,415.52
416.18,415.52
416.18,415.52
416.18,415.52
416.18,415.52
416.18,415.44
416.18,415.35
416.18,415.35
416.18,415.35
416.18,415.35
416.18,415.35
416.18,415.35
416.18,415.35
416.18,415.35
416.18,415.35
416.18,415.35
416.18,415.35
416.18,415.35
416.18,415.35
416.18,415.35
416.18,415.35
416.18,415.35
416.18,415.35
416.18,415.35
416.18,415.35
416.18,415.35
409.38,408.08
409.38,408.08
409.38,408.08
409.38,408.08
409.38,408.08
409.38,408.08
409.38,408.31
409.38,408.31
409.65,408.31
409.65,408.31
409.65,408.31
409.65,408.31
409.65,408.31
409.65,408.31
409.65,408.31
409.65,408.31
409.65,408.31
409.65,408.31
409.65,408.31
409.65,408.31
409.65,408.31
409.65,408.31
409.65,408.31
409.68,408.31
409.79,408.31
409.79,408.52
409.79,408.52
409.79,408.52
409.79,408.52
409.79,408.52
409.79,408.52
409.79,408.52
409.79,408.52
409.79,408.52
409.79,408.56
409.79,408.56
409.8,408.62
409.8601,408.62
409.94,408.62
410.01,408.62
410.01,408.62
410.01,408.62
410.01,408.62
410.01,408.62
410.018,408.66
410.018,408.66
410.018,408.66
410.018,408.66
410.032,408.6701
410.08,408.6701
410.08,408.6701
410.08,408.6701
410.08,408.6701
410.08,408.6701
410.08,408.7418
410.08,408.92
410.1801,409.06
410.245,409.11
410.31,409.15
410.31,409.15
410.36,409.15
410.36,409.15
410.38,409.15
410.38,409.15
410.38,409.15
410.38,409.15
410.38,409.15
410.38,409.21
410.4195,409.21
410.4195,409.21
410.43,409.265
410.47,409.32
410.515,409.32
410.515,409.32
410.515,409.34
410.54,409.34
410.54,409.34
410.645,409.34
410.645,409.34
410.6494,409.37
410.74,409.37
410.8,409.37
410.8,409.37
410.96,409.37
411.11,409.37
411.11,409.37
411.11,409.37
411.11,409.37
411.11,409.37
411.11,409.37
411.11,409.58
411.11,409.58
411.11,409.58
411.11,409.58
411.11,409.69
411.11,409.75
411.11,409.79
411.11,409.79
411.11,409.79
411.11,409.79
411.11,409.79
411.11,409.79
411.11,409.79
411.11,409.79
411.11,409.79
411.11,409.79
411.11,409.79
411.11,409.85
411.11,409.85
411.11,409.85
411.11,409.85
411.11,409.85
411.11,409.85
411.11,409.85
411.11,409.85
411.11,409.85
411.11,409.85
411.11,409.85
411.11,409.85
411.11,409.85
411.11,409.85
411.11,409.85
411.11,409.85
411.11,409.85
411.11,409.85
411.11,409.85
411.11,409.85
411.11,409.85
411.11,409.85
411.11,409.85
411.11,409.85
411.11,409.85
411.11,409.85
411.11,409.85
411.11,409.85
411.11,409.85
411.11,409.85
411.11,409.85
411.11,409.85
411.11,409.85
411.11,409.85
411.11,409.85
411.11,409.85
411.11,409.85
411.11,409.85
411.11,409.85
411.11,409.85
411.11,409.85
411.11,409.85
411.11,409.85
411.11,409.85
411.11,409.85
411.13,409.85
411.13,409.85
411.13,409.85
411.13,409.85
411.13,409.85
411.13,409.85
411.13,409.85
411.13,409.85
411.13,409.85
411.13,409.85
411.46,409.85
411.46,409.85
411.5,409.85
411.5,409.85
411.5,409.85
411.5,409.85
411.5,409.93
411.5,409.97
411.5,409.97
411.5,409.97
411.5,409.97
411.5,409.97
411.5,409.97
411.5,409.97
411.5,409.97
411.5,409.97
411.5,409.97
411.5,410.06
411.5,410.11
411.5,410.1101
411.5,410.1101
411.5,410.1101
411.5,410.1101
411.5,410.16
411.5,410.165
411.5,410.2084
411.5,410.2084
411.5,410.2084
411.5,410.2084
411.5,410.2084
411.5,410.2084
411.5,410.2084
411.5,410.2084
411.5,410.2084
411.5,410.47
411.5,410.53
411.5,410.55
411.5,410.55
411.5,410.5475
411.5,410.5475
411.5,410.5475
411.5,410.5475
411.5,410.5475
411.5,410.5475
411.5,410.5475
411.5,410.5475
411.5,410.5475
411.5,410.5475
411.5,410.5475
411.6691,410.54
411.76,410.59
411.81,410.59
411.81,410.62
411.81,410.8
411.81,410.8
411.81,410.8
411.81,410.8
411.81,410.8
411.81,410.8
411.81,410.8
411.81,410.8
411.81,410.8
411.81,410.8
411.81,410.8
411.81,410.8
411.81,410.82
411.81,410.95
411.81,411
411.81,411
411.81,411
411.81,411
411.82,411
411.9409,411.07
411.975,411.07
411.99,411.07
411.99,411.1
411.99,411.1162
411.99,411.1162
411.99,411.1162
412.15,411.1162
412.16,411.1162
412.16,411.1162
412.16,411.1162
412.19,411.1162
412.19,411.1162
412.19,411.1162
412.19,411.1162
412.19,411.1162
412.19,411.1162
412.19,411.1162
412.19,411.1162
412.19,411.1162
412.19,411.1162
412.19,411.1162
412.19,411.1162
412.19,411.1162
412.19,411.1162
412.19,411.1162
412.19,411.1162
412.215,411.1162
412.215,411.1162
412.2301,411.1162
412.2301,411.21
412.2301,411.29
412.2301,411.392
412.26,411.465
412.28,411.465
412.32,411.51
412.32,411.51
412.48,411.51
412.48,411.51
412.52,411.51
412.52,411.51
412.52,411.51
412.52,411.51
412.52,411.51
412.52,411.51
412.52,411.51
412.52,411.51
412.52,411.55
412.52,411.56
412.52,411.57
412.52,411.59
412.52,411.61
412.52,411.61
412.52,411.61
412.52,411.61
412.52,411.61
412.52,411.7
412.52,411.7
412.52,411.75
412.52,411.82
412.52,411.895
412.52,411.895
412.52,411.895
412.52,411.895
412.52,411.94
412.52,411.94
412.52,411.94
412.52,411.94
412.52,411.94
412.72,411.94
412.72,411.94
412.72,411.94
412.72,411.75
412.72,411.75
412.72,411.595
412.72,411.595
412.72,411.595
412.72,411.595
412.72,411.595
412.72,411.55
412.72,411.43
412.72,411.43
412.72,411.43
412.72,411.43
412.72,411.43
412.72,411.43
412.72,411.43
412.72,411.43
412.72,411.43
412.72,411.43
412.72,411.43
412.73,411.43
413.065,411.43
413.065,411.43
413.065,411.43
413.175,411.43
413.175,411.43
413.175,411.43
413.175,411.43
413.175,411.43
413.175,411.43
413.175,411.43
413.175,411.43
413.175,411.43
413.175,411.4
413.175,410.9
413.175,410.9
413.175,410.9
413.175,410.9
413.52,410.9
413.52,410.9
413.52,410.9
413.52,410.9
413.52,410.9
413.52,410.9
413.52,410.9
413.52,410.9
413.52,410.9
413.52,410.9
413.52,410.9
413.52,410.9
413.52,410.9
413.52,410.9
413.52,410.9
413.52,410.9
413.52,410.9
413.52,410.9
413.52,410.9
413.52,410.9
413.52,410.9
413.52,410.9
413.52,410.9
413.52,410.9
413.52,410.9
413.52,410.9
413.52,410.9
413.52,410.9
413.52,410.9
413.52,410.84
413.52,409.96
413.52,409.96
413.52,409.8
413.52,409.8
413.52,409.8
413.52,409.42
413.52,409.42
413.52,409.42
413.52,409.42
413.52,409.42
413.52,409.42
413.52,408.95
413.52,408.95
413.52,408.95
413.52,408.95
413.52,408.95
413.52,408.95
413.52,408.95
413.52,408.95
413.52,408.82
413.52,408.82
413.52,408.62
413.52,408.35
413.52,408.26
413.52,408.26
413.52,408.26
413.52,408.26
413.52,408.26
413.52,408.26
413.52,408.26
413.52,408.045
413.18,408.045
412.9,408.045
412.9,408.045
412.9,408.045
412.9,408.045
412.9,408.045
412.9,408.045
412.9,408.045
412.9,408.045
412.9,408.045
412.9,408.045
412.9,408.045
412.9,408.045
412.9,408.045
412.9,408.045
412.9,408.045
412.9,407.895
412.9,407.895
405.31,403.79
405.43,403.79
405.48,403.79
405.48,403.79
405.48,403.79
405.48,403.79
405.48,403.79
405.48,403.79
405.48,403.79
405.48,403.79
405.48,403.79
405.48,403.79
405.48,403.79
405.48,403.79
405.48,403.79
405.48,403.79
405.48,403.79
405.48,403.79
405.48,403.79
405.48,403.79
405.48,403.79
405.48,403.79
405.48,403.79
405.48,403.79
405.48,403.79
405.48,403.79
405.48,403.79
405.48,403.79
405.48,403.79
405.66,403.79
405.69,403.79
405.84,403.79
405.84,403.79
405.84,403.79
405.84,403.79
405.84,403.79
405.84,403.79
405.84,403.79
405.97,403.79
405.97,403.79
406.05,403.79
406.17,403.86
406.19,403.86
406.25,403.86
406.25,403.96
406.25,403.96
406.25,404.13
406.32,404.31
406.32,404.5
406.5,404.63
406.58,404.63
406.58,404.63
406.58,404.79
406.61,404.79
407.09,404.79
407.09,404.79
407.09,404.79
407.09,404.79
407.09,404.79
407.09,404.79
407.09,404.79
407.09,404.79
407.09,404.79
407.09,404.79
407.09,404.79
407.09,404.79
407.09,404.79
407.09,404.79
407.09,404.79
407.09,404.79
407.09,404.79
407.09,404.79
407.09,404.79
407.09,404.79
407.09,404.79
407.09,404.79
407.09,404.79
407.09,404.79
407.09,404.91
407.09,404.91
407.09,404.91
407.09,404.91
407.09,404.91
407.09,404.91
407.09,404.91
407.09,404.91
407.09,405.02
407.09,405.33
407.09,405.44
407.09,405.59
407.09,405.59
407.09,405.59
407.09,405.59
407.09,405.59
407.09,405.59
407.09,405.59
407.09,405.73
407.09,405.73
407.09,405.73
407.09,405.73
407.09,405.73
407.09,405.73
407.09,405.73
407.09,405.73
407.09,405.73
407.09,405.73
407.09,405.73
407.09,405.73
407.09,405.73
407.09,405.73
407.09,405.73
407.09,405.73
407.09,405.73
407.09,405.72
407.09,405.53
407.04,405.53
407,405.53
406.96,405.51
406.96,405.46
406.96,405.38
406.96,405.37
406.96,405.155
406.96,404.97
406.96,404.82
406.96,404.82
406.96,404.82
406.96,404.82
406.79,404.82
406.79,404.82
406.58,404.82
406.58,404.82
406.55,404.82
406.47,404.82
406.47,404.82
406.47,404.82
406.375,404.82
406.25,404.82
406.25,404.82
406.25,404.82
406.25,404.782
406.15,404.782
406.15,404.78
406.15,404.78
406.15,404.69
406.15,404.69
406.15,404.69
406.15,404.69
406.15,404.69
406.15,404.69
406.15,404.69
406.15,404.69
406.15,404.69
406.1,404.69
406.1,404.69
406.1,404.69
406.1,404.69
406.1,404.69
406.1,404.69
406.1,404.69
406.1,404.69
406.1,404.69
406.1,404.69
406.1,404.69
406.095,404.69
406.095,404.69
406.095,404.69
406.095,404.69
406.095,404.66
406.095,404.66
406.095,404.66
406.02,404.61
406.02,404.61
405.97,404.61
405.97,404.61
405.97,404.61
405.97,404.61
405.97,404.61
405.97,404.61
405.97,404.61
405.97,404.61
405.97,404.61
405.97,404.61
405.97,404.61
405.97,404.61
405.97,404.61
405.97,404.61
405.97,404.61
405.97,404.61
406.175,404.61
406.175,404.61
406.175,404.61
406.175,404.61
406.175,404.61
406.175,404.61
406.175,404.61
406.175,404.61
406.175,404.61
406.175,404.61
406.175,404.61
406.175,404.61
406.175,404.61
406.175,404.61
406.175,404.61
406.175,404.61
406.175,404.61
406.175,404.61
406.175,404.61
406.175,404.61
406.175,404.61
406.175,404.61
406.175,404.61
411.32,410.624
411.32,410.624
411.22,410.624
411.22,410.624
411.22,410.624
411.22,410.624
411.22,410.624
411.105,410.624
411.1005,410.624
411.1005,410.624
411.1005,410.624
411.1005,410.624
411.1005,410.624
411.1005,410.624
411.1005,410.624
411.1005,410.624
411.1005,410.624
411.1005,410.624
411.1005,410.6
411.1005,410.4703
411.09,410.295
411.09,410.295
411.09,410.295
411.09,410.295
411.09,410.295
411.09,410.295
411.09,410.295
411.09,410.295
411.09,410.295
411.09,410.295
411.09,410.295
411.09,410.295
411.2,410.295
411.2,410.295
411.2,410.295
411.2,410.295
411.2,410.295
411.2,410.295
411.2,410.295
411.22,410.295
411.22,410.295
411.22,410.295
411.262,410.295
411.315,410.295
411.315,410.295
411.315,410.295
411.315,410.295
411.315,410.295
411.315,410.295
411.315,410.295
411.315,410.295
411.315,410.295
411.315,410.295
411.315,410.295
411.34,410.295
411.34,410.295
411.34,410.295
411.34,410.295
411.38,410.295
411.38,410.295
411.51,410.295
411.51,410.295
411.625,410.295
411.625,410.295
411.65,410.295
411.66,410.295
411.66,410.295
411.76,410.295
411.76,410.295
411.76,410.295
411.76,410.295
411.76,410.295
411.76,410.295
411.76,410.295
411.76,410.295
411.785,410.295
411.88,410.295
411.88,410.295
411.88,410.295
411.88,410.295
411.88,410.295
411.88,410.39
411.92,410.45
411.92,410.59
411.92,410.68
411.92,410.74
411.92,410.74
411.92,410.77
411.92,410.99
411.92,411.07
411.92,411.07
411.92,411.09
411.92,411.12
411.92,411.12
412.035,411.12
412.035,411.12
412.07,411.12
412.1,411.12
412.1,411.12
412.1,411.12
412.16,411.12
412.16,411.12
412.16,411.12
412.16,411.12
412.16,411.12
412.16,411.12
412.16,411.12
412.16,411.12
412.16,411.12
412.16,411.12
412.16,411.19
412.16,411.23
412.16,411.29
412.16,411.2999
412.16,411.2999
412.16,411.2999
412.16,411.2999
412.2,411.2999
412.35,411.36
412.49,411.36
412.52,411.485
412.52,411.485
412.68,411.54
412.69,411.54
412.69,411.62
412.69,411.62
412.69,411.62
412.75,411.62
412.75,411.62
412.75,411.62
412.75,411.62
412.75,411.67
412.75,411.67
412.87,411.67
412.94,411.67
412.94,411.67
412.94,411.67
413.025,411.67
413.025,411.67
413.025,411.67
413.025,411.67
413.14,411.67
413.19,411.67
413.35,411.67
413.375,411.67
413.375,411.67
413.41,411.67
413.5101,411.67
413.5101,411.67
413.61,411.71
413.61,411.8
413.61,411.83
413.61,411.83
413.61,411.86
413.61,411.86
413.61,411.86
413.61,411.86
413.61,411.86
413.61,411.86
413.61,411.86
413.61,411.86
413.61,411.86
413.61,411.86
413.61,411.86
413.61,411.86
413.61,411.86
413.61,411.86
413.61,411.86
413.61,411.86
413.61,411.86
413.61,411.86
413.61,411.86
413.61,411.925
413.61,411.98
413.61,412.04
413.61,412.065
413.61,412.065
413.61,412.2
413.61,412.35
413.61,412.48
413.61,412.48
413.61,412.48
413.61,412.6
413.61,412.6
413.61,412.6
413.61,412.6
413.61,412.6
413.61,412.69
413.61,412.69
413.61,412.69
413.61,412.69
413.61,412.69
413.61,412.735
413.61,412.79
413.61,412.79
413.61,412.79
413.61,412.79
413.61,412.78
413.61,412.78
413.61,412.7
413.61,412.69
413.61,412.69
413.61,412.63
413.61,412.56
413.61,412.56
413.61,412.5
413.61,412.5
413.61,412.5
413.61,412.49
413.61,412.35
413.47,412.32
412.75,411.98
412.75,411.98
412.75,411.98
412.75,411.98
412.75,412.05
412.75,412.05
412.75,412.1
412.75,412.1
412.75,412.1
412.75,412.1
412.75,412.1
412.75,412.1
412.75,412.1
412.75,412.1
412.75,412.1
412.75,412.1
412.75,412.1
412.75,412.1
412.75,412.07
412.75,412.06
412.75,412.025
412.75,412.025
412.75,412.025
412.75,412.025
412.75,412.025
412.75,412.025
412.75,412.025
412.75,412.025
412.75,412.025
412.75,412.025
412.75,412.025
412.75,412.025
412.75,412.025
412.75,412.025
412.75,412.025
412.6,412.025
412.52,412.025
412.52,412.025
412.52,412.025
412.52,412.025
412.52,412.025
412.52,412.025
412.47,412.025
412.47,412.025
412.48,412.025
412.505,412.025
412.505,412.025
412.51,412.025
412.51,412.025
412.51,412.025
412.51,412.025
412.51,412.025
412.515,412.025
412.515,412.025
412.59,412.025
412.59,412.025
412.59,412.025
412.59,412.025
412.59,412.025
412.59,412.025
412.59,412.025
412.59,412.025
412.59,412.025
412.6383,412.025
412.68,412.025
412.691,412.025
412.691,412.025
412.691,412.025
412.7,412.025
412.7,412.025
412.7,412.025
412.74,412.025
412.74,412.025
412.74,412.025
412.74,412.025
412.74,412.025
412.74,412.025
412.74,412.025
412.9,412.025
412.9,412.025
412.9,412.025
412.9,412.095
412.9,412.125
412.9,412.125
412.9,412.125
412.9,412.13
412.9,412.13
412.9,412.13
412.9,412.18
412.9,412.18
412.9,412.18
412.9,412.18
412.9,412.18
412.95,412.18
412.95,412.18
412.95,412.18
412.95,412.18
412.95,412.18
412.95,412.235
412.95,411.5
412.95,411.5
412.95,411.5
412.95,411.5
412.95,411.5
412.95,411.5
412.95,411.5
412.95,411.5
412.95,411.5
412.95,411.5
412.95,411.5
412.95,411.5
412.95,411.5
412.95,411.5
412.95,411.5
412.95,411.5
412.95,411.5
412.95,411.5
412.95,411.5
412.95,411.5
412.95,411.5
412.95,411.5
412.95,411.5
412.95,411.5
412.95,411.5
412.95,411.5
412.95,411.5
412.95,411.5
412.95,411.5
412.95,411.5
412.95,411.5
412.95,411.5
412.95,411.5
412.95,411.5
413.01,411.5
413.01,411.5
413.01,411.5
413.01,411.5
413.01,411.5
413.01,411.5
413.06,411.5
413.06,411.5
413.11,411.5
413.11,411.5
413.19,411.5
413.19,411.5
413.19,411.5
413.19,411.5
413.19,411.5
413.19,411.5
413.19,411.5
413.19,411.5
413.19,411.5
413.19,411.5
413.19,411.5
413.19,411.5
413.19,411.5
413.19,411.5
413.19,411.5
413.19,411.5
413.19,411.5
413.19,411.65
413.19,411.65
413.19,411.65
413.19,411.86
413.19,412.055
413.19,412.055
413.19,412.055
413.19,412.06
413.19,412.27
413.19,412.31
413.19,412.33
413.19,412.39
413.19,412.48
413.19,412.48
413.19,412.48
413.19,412.48
413.19,412.48
413.19,412.48
413.19,412.48
413.19,412.48
413.19,412.48
413.19,412.48
413.19,412.48
413.19,412.48
413.19,412.48
413.19,412.48
413.19,412.48
413.19,412.48
413.19,412.48
413.19,412.48
413.19,412.48
413.19,412.48
413.19,412.48
413.19,412.48
413.19,412.48
413.19,412.48
413.19,412.48
413.19,412.48
413.19,412.48
413.19,412.48
413.19,412.48
413.19,412.48
413.19,412.48
413.19,412.48
413.135,412.48
413.135,412.48
413.135,412.48
413.135,412.48
413.135,412.48
413.135,412.48
413.135,412.48
411.5901,410.89
411.5901,410.865
411.5901,410.865
411.5901,410.865
411.5901,410.865
411.5901,410.865
411.5901,410.865
411.57,410.865
411.5,410.865
411.5,410.865
411.5,410.865
411.43,410.865
411.43,410.865
411.38,410.855
411.38,410.855
411.38,410.855
411.38,410.855
411.38,410.855
411.36,410.855
411.36,410.855
411.35,410.855
411.35,410.855
411.33,410.855
411.33,410.855
411.33,410.855
411.21,410.855
411.21,410.855
411.25,410.855
411.25,410.855
411.325,410.855
411.325,410.855
411.3501,410.855
411.42,410.855
411.42,410.855
411.42,410.855
411.42,410.855
411.42,410.855
411.42,410.855
411.43,410.855
411.43,410.855
411.43,410.855
411.43,410.855
411.43,410.855
411.43,410.855
411.43,410.855
411.43,410.855
411.43,410.855
411.43,410.855
411.43,410.855
411.43,410.855
411.43,410.855
411.43,410.855
411.45,410.855
411.45,410.855
411.45,410.855
411.45,410.855
411.45,410.855
411.45,410.855
411.45,410.855
411.45,410.855
411.45,410.855
411.45,410.855
411.46,410.855
411.46,410.855
411.47,410.855
411.54,410.855
411.54,410.855
411.54,410.855
411.54,410.855
411.54,410.855
411.54,410.855
411.54,410.855
411.54,410.855
411.54,410.855
411.54,410.89
411.54,410.955
411.54,410.955
411.54,410.955
411.54,410.955
411.54,411.02
411.54,411.02
411.54,411.02
411.54,411.09
411.54,411.09
411.67,411.1107
411.67,411.1107
411.72,411.15
411.78,411.24
411.87,411.24
411.87,411.265
411.87,411.265
411.87,411.265
412.03,411.265
412.03,411.265
412.03,411.265
412.03,411.265
412.03,411.265
412.03,411.265
412.03,411.265
412.03,411.265
412.03,411.265
412.03,411.265
412.03,411.265
412.03,411.265
412.03,411.265
412.03,411.265
412.03,411.265
412.03,411.265
412.03,411.265
412.05,411.265
412.05,411.265
412.05,411.265
412.05,411.265
412.05,411.265
412.05,411.265
412.05,411.265
412.05,411.265
412.05,411.265
412.05,411.265
412.05,411.265
412.05,411.265
412.05,411.265
412.05,411.265
412.05,411.265
412.05,411.265
412.05,411.265
412.05,411.265
412.05,411.265
412.05,411.265
412.05,411.265
412.05,411.265
412.05,411.265
412.05,411.265
412.05,411.265
412.05,411.265
412.05,411.265
412.05,411.265
412.05,411.265
412.05,411.38
412.05,411.41
412.05,411.41
412.05,411.41
412.05,411.41
412.05,411.51
412.05,411.64
412.05,411.37
412.05,411.17
412.05,411.17
412.05,411.17
412.05,411.17
412.05,411.17
412.05,411.17
412.05,411.17
412.05,411.17
412.05,411.17
412.05,411.17
412.05,411.17
412.05,411.17
412.05,411.17
412.05,411.17
412.05,411.17
412.05,411.17
412.05,411.17
412.05,411.17
412.05,411.17
412.05,411.17
412.05,411.17
412.05,411.17
412.05,411.17
412.05,411.17
411.99,411.17
411.98,411.17
411.98,411.17
411.98,411.17
411.98,411.17
411.885,411.17
411.885,411.17
411.885,411.17
411.885,411.17
411.885,411.17
411.885,411.17
411.885,411.17
411.885,411.17
411.885,411.17
411.885,411.17
411.885,411.17
411.885,411.17
411.885,411.17
411.885,411.17
411.885,411.17
411.885,411.17
411.885,411.17
411.885,411.17
411.885,411.17
411.885,411.17
411.885,411.17
411.885,411.17
411.885,411.17
411.885,411.17
411.885,411.17
411.885,411.17
411.885,411.17
411.8301,411.17
411.8,411.17
411.75,411.17
411.75,411.17
411.75,411.17
411.75,411.04
411.75,411.0099
411.75,410.99
411.75,410.96
412.33,411.01
412.33,411.01
412.33,411.01
412.33,411.01
412.33,411.01
412.33,411.01
412.33,411.01
412.33,411.01
412.33,410.94
412.33,410.94
412.33,410.94
412.33,410.94
412.33,410.94
412.33,410.94
412.33,410.94
412.29,410.94
412.135,410.94
412.135,410.94
412.135,410.94
412.135,410.94
412.135,410.94
412.1,410.94
412.1,410.94
412.03,410.94
411.96,410.89
411.89,410.84
411.89,410.84
411.89,410.83
411.84,410.8
411.84,410.735
411.69,410.49
411.68,410.49
411.55,410.49
411.55,410.49
411.55,410.49
411.55,410.49
411.55,410.49
411.55,410.49
411.55,410.49
411.55,410.49
411.55,410.48
411.55,410.47
411.55,410.47
411.55,410.21
411.55,410.21
411.55,410.21
411.55,410.21
411.55,410.21
411.55,410.14
411.55,410.082
411.55,410.082
411.55,410.082
411.55,409.94
411.55,409.94
411.55,409.94
411.55,409.94
411.55,409.545
411.55,409.4489
411.43,409.27
411.43,409.12
411.43,409.07
411.43,409.07
411.43,409.07
411.43,409.07
411.43,409.07
411.43,409.07
411.43,409.07
411.43,409.07
411.43,409.07
411.43,409.07
411.43,409
411.43,408.9199
411.43,408.9199
411.4,408.9199
411.255,408.9199
411.24,408.9199
411.18,408.9199
411.16,408.9199
411.16,408.9199
411.16,408.9199
411.16,408.9199
411.16,408.9199
411.16,408.9199
410.98,408.9199
410.89,408.9199
410.87,408.9199
410.87,408.9199
410.83,408.9199
410.8,408.9199
410.735,408.9199
410.66,408.9199
410.66,408.9199
410.63,408.9199
410.63,408.9199
410.63,408.9199
410.63,408.9199
410.63,408.9199
410.72,408.9199
410.72,408.9199
410.755,408.9199
410.755,408.9199
410.81,408.9199
410.92,408.9199
410.95,408.9199
411.025,408.9199
411.05,408.9199
411.05,408.9199
411.06,408.9199
411.06,408.9199
411.06,408.9199
411.06,408.9199
411.06,408.9199
411.06,408.9199
411.06,408.9199
411.06,408.9199
411.06,408.9199
411.06,408.9199
411.06,408.9199
411.06,408.9199
411.06,408.9199
411.23,408.9199
411.23,408.9199
411.23,408.9199
411.23,408.9199
411.2799,408.9199
411.2799,408.9199
411.37,408.9199
411.441,408.9199
411.62,408.9199
411.62,408.9199
411.62,408.9199
411.62,408.9199
411.62,409.03
411.62,409.03
411.93,409.03
412.075,409.175
412.075,409.22
412.075,409.3
412.075,409.41
412.075,409.48
412.075,409.7
412.075,409.748
412.075,409.748
412.075,409.75
412.075,409.86
412.075,409.93
412.075,409.93
412.075,410
412.075,410.08
412.075,410.08
412.075,410.08
412.075,410.08
412.075,410.21
412.075,410.4
412.075,410.4
412.075,410.4
412.075,410.51
412.075,410.62
412.09,410.62
412.19,410.66
412.29,410.66
412.29,410.71
412.32,410.71
412.32,410.71
412.425,410.71
412.425,410.71
412.425,410.71
412.425,410.71
412.425,410.71
412.435,410.71
412.44,410.71
412.63,410.71
412.97,410.71
413.065,410.71
413.065,410.71
413.14,410.71
413.24,410.78
413.28,410.78
413.42,411
413.585,411
413.585,411.01
413.585,411.01
413.585,411.13
413.585,411.13
413.585,411.27
413.585,411.27
413.585,411.37
413.585,411.441
413.585,411.49
413.585,411.49
413.585,411.49
413.585,411.555
413.585,411.56
413.585,411.56
413.585,411.64
413.585,411.64
413.585,411.64
413.585,411.64
413.585,411.64
413.585,411.64
413.585,411.64
413.585,411.695
413.585,411.695
413.585,411.73
413.585,411.73
413.585,411.73
413.585,411.73
413.585,411.73
413.585,411.73
413.585,411.865
413.585,411.92
412.1583,411.34
412.1583,411.34
412.1583,411.34
412.1583,411.34
412.1583,411.34
412.1583,411.34
412.1583,411.34
412.1583,411.34
412.1583,411.34
412.1583,411.34
412.1583,411.34
412.1583,411.34
412.1583,411.34
412.1583,411.34
412.1583,411.34
412.1583,411.34
412.1583,411.34
412.1583,411.34
412.1583,411.34
412.1583,411.34
412.1583,411.34
412.1583,411.34
412.1583,411.34
412.1583,411.34
412.1583,411.34
412.1583,411.34
412.1583,411.34
412.1583,411.34
412.1583,411.34
412.1583,411.34
412.1583,411.34
412.1583,411.34
412.1583,411.34
412.1583,411.34
412.1583,411.34
412.1583,411.38
412.1583,411.38
412.1583,411.38
412.1583,411.38
412.1583,411.38
412.1583,411.38
412.1583,411.38
412.1583,411.38
412.1583,411.38
412.1583,411.38
412.1583,411.38
412.1583,411.38
412.1583,411.38
412.1583,411.38
412.1583,411.43
412.1583,411.555
412.1583,411.555
412.1583,411.555
412.1583,411.555
412.1583,411.49
412.1583,411.49
412.1583,411.345
412.12,411.345
412.12,411.345
412.12,411.345
412.12,411.345
412.12,411.345
412.12,411.345
412.12,411.28
412.12,411.28
412.12,411.28
412.12,411.28
412.12,411.28
412.12,411.28
412.12,411.28
412.12,411.28
412.12,411.28
412.12,411.28
412.12,411.28
412.12,411.28
412.12,411.28
412.12,411.28
412.12,411.15
412.12,410.755
412.12,410.47
412.12,410.47
412.12,410.47
412.12,410.47
412.12,410.47
412.12,410.47
412.06,410.47
412.06,410.47
412.06,410.47
412.06,410.47
412.06,410.47
412.06,410.47
412.0226,410.47
412.0226,410.47
412.0226,410.47
412.0226,410.47
412.0226,410.47
412.0226,410.47
412.0226,410.47
412.0226,410.47
412.0197,410.47
412.0197,410.47
411.8392,410.47
411.8392,410.47
411.8392,410.47
411.8392,410.47
411.8392,410.47
411.8392,410.47
411.8392,410.47
411.8392,410.47
411.8392,410.47
411.82,410.47
411.82,410.47
411.82,410.47
411.82,410.47
411.82,410.47
411.82,410.47
411.82,410.47
411.82,410.47
411.82,410.47
411.82,410.47
411.82,410.47
411.82,410.47
411.82,410.47
411.82,410.47
411.82,410.47
411.82,410.47
411.82,410.47
411.82,410.47
411.82,410.47
411.82,410.47
411.82,410.47
411.861,410.47
412.125,410.47
412.125,410.47
412.19,410.47
412.19,410.47
412.29,410.47
412.29,410.47
412.29,410.47
412.29,410.47
412.29,410.47
412.29,410.47
412.29,410.47
412.29,410.67
412.29,410.85
412.29,410.85
412.29,410.8825
412.29,410.8825
412.29,410.91
412.29,410.91
412.29,411.04
412.29,411.04
412.29,411.04
412.29,411.04
412.29,411.04
412.29,411.04
412.29,411.04
412.29,411.04
412.29,411.04
412.29,411.04
412.29,411.04
412.29,411.04
412.29,411.04
412.29,411.04
412.29,411.04
412.29,411.04
412.29,411.04
412.29,411.04
412.29,411.04
412.29,411.04
412.29,411.04
412.29,411.04
412.29,411.04
412.29,411.04
412.29,411.22
412.29,411.36
412.29,411.36
412.29,411.36
412.29,411.36
412.29,411.5
412.29,411.5
412.29,411.5
412.29,411.5
412.29,411.5
412.29,411.5
412.29,411.51
412.29,411.58
412.29,411.58
412.29,411.66
412.29,411.635
412.29,411.635
412.29,411.63
412.29,411.5
412.29,411.5
412.29,411.5
412.29,411.5
412.29,411.5
412.28,411.5
412.28,411.5
412.28,411.5
412.28,411.5
412.28,411.5
412.28,411.5
412.28,411.5
412.28,411.5
412.28,411.5
412.28,411.5
412.28,411.5
412.28,411.5
412.28,411.5
412.28,411.5
411.48,410.05
411.48,410.05
411.48,410.05
411.48,410.05
411.48,410.05
411.48,410.05
411.48,410.05
411.48,410.05
411.48,410.05
411.48,409.885
411.48,409.885
411.48,409.885
411.48,409.885
411.48,409.885
411.48,409.88
411.48,409.8
411.48,409.76
411.48,409.58
411.48,409.58
411.48,409.58
411.48,409.49
411.48,409.49
411.48,409.49
411.48,409.49
411.48,409.49
411.48,409.49
411.48,409.49
411.48,409.49
411.48,409.49
411.48,409.48
411.48,409.48
411.48,409.48
411.435,409.48
411.32,409.44
411.23,409.39
410.93,409.39
410.9118,409.39
410.9118,409.39
410.8,409.39
410.77,409.39
410.77,409.39
410.77,409.39
410.65,409.39
410.53,409.39
410.53,409.39
410.53,409.39
410.53,409.39
410.53,409.39
410.522,409.39
410.522,409.39
410.522,409.39
410.522,409.39
410.385,409.39
410.385,409.39
410.385,409.39
410.405,409.39
410.575,409.39
410.575,409.39
410.575,409.39
410.575,409.39
410.575,409.39
410.575,409.39
410.575,409.39
410.575,409.39
410.575,409.39
410.575,409.39
410.575,409.39
410.575,409.39
410.575,409.39
410.575,409.39
410.575,409.39
410.575,409.39
410.575,409.39
410.575,409.39
410.575,409.39
410.575,409.39
410.575,409.39
410.575,409.39
410.575,409.39
410.575,409.39
410.575,409.39
410.575,409.39
410.575,409.39
410.575,409.39
410.575,409.39
410.575,409.39
410.575,409.39
410.575,409.39
410.575,409.39
410.575,409.36
410.575,409.26
410.575,409.26
410.575,409.165
410.575,409.165
410.575,409.165
410.575,409.165
410.575,409.165
410.575,409.165
410.575,409.165
410.575,409.165
410.575,409.165
410.575,409.165
410.575,409.165
410.575,409.165
410.575,409.165
410.575,409.165
410.575,409.165
410.575,409.14
410.575,409.14
410.575,409.14
410.575,409.14
410.575,409.14
410.575,409.14
410.575,409.14
410.575,409.14
410.575,409.14
410.575,409.14
410.51,409.14
410.51,409.14
410.51,409.14
410.51,409.14
410.51,409.14
410.51,409.14
410.51,409.14
410.35,409.14
410.35,409.14
410.16,409.14
410.16,409.14
410.16,409.14
410.16,409.14
410.16,409.14
410.16,409.14
410.16,409.14
410.16,409.14
410.16,409.14
410.16,409.14
410.07,409.14
409.96,409.14
409.84,409.14
409.84,409.14
409.84,409.14
409.84,409.14
409.785,409.14
409.77,409.14
409.835,409.14
409.835,409.14
409.835,409.14
409.96,409.14
409.96,409.14
409.96,409.14
409.96,409.14
409.96,409.14
409.96,409.14
409.96,409.14
410.095,409.14
410.095,409.14
410.095,409.14
410.095,409.14
410.095,409.14
410.18,409.14
410.2,409.14
410.2,409.14
410.245,409.14
410.245,409.14
410.245,409.14
410.245,409.14
410.245,409.14
410.245,409.14
410.245,409.14
410.245,409.14
410.245,409.14
410.245,409.14
410.315,409.14
410.315,409.16
410.34,409.16
410.34,409.16
410.35,409.16
410.355,409.16
410.38,409.16
410.38,409.16
410.38,409.16
410.4,409.16
410.53,409.16
410.53,409.16
410.58,409.16
410.635,409.16
410.8175,409.16
410.97,409.16
410.97,409.16
410.97,409.16
410.97,409.16
410.97,409.16
410.97,409.16
410.97,409.16
410.97,409.3054
410.97,409.36
410.97,409.36
411.08,409.535
411.08,409.535
411.08,409.535
411.08,409.55
411.08,409.55
411.08,409.65
411.23,409.75
411.28,409.75
411.35,409.75
411.49,409.75
411.53,409.75
411.53,409.75
411.6,409.75
411.6,409.75
412.09,411.6
412.09,411.6
412.09,411.6
412.09,411.6
412.09,411.6
412.09,411.6
412.09,411.6
412.09,411.6
412.13,411.6
412.13,411.6
412.13,411.6
412.13,411.6
412.13,411.6
412.13,411.6
412.13,411.6
412.13,411.6
412.185,411.6
412.42,411.6
412.42,411.66
412.42,411.73
412.42,411.73
412.42,411.73
412.42,411.73
412.464,411.73
412.545,411.73
412.545,411.73
412.545,411.73
412.545,411.73
412.545,411.73
412.545,411.73
412.69,411.73
412.77,411.73
412.795,411.73
412.795,411.73
412.795,411.73
412.795,411.73
412.795,411.73
412.795,411.73
412.848,411.73
412.87,411.73
413,411.73
413.07,411.73
413.26,411.73
413.26,411.73
413.26,411.73
413.26,411.73
413.26,411.73
413.29,411.73
413.29,411.73
413.3,411.73
413.3,411.73
413.3,411.73
413.3,411.73
413.3,411.73
413.3,411.73
413.3,411.73
413.3,411.73
413.3,411.73
413.3,411.8
413.3,411.85
413.3,411.85
413.3,411.85
413.3,411.85
413.3,411.85
413.3,411.85
413.3,411.92
413.3,411.92
413.3,411.99
413.3,411.99
413.3,411.99
413.3,411.99
413.3,411.99
413.3,411.99
413.3,411.9
413.3,411.77
413.3,411.74
413.3,411.74
413.3,411.71
413.3,411.71
413.3,411.6686
413.3,411.6686
413.3,411.6686
413.3,411.6686
413.3,411.6686
413.3,411.6686
413.3,411.6686
413.3,411.6686
413.3,411.6686
413.3,411.6686
413.3,411.6686
413.3,411.6686
413.3,411.6686
413.3,411.6686
413.3,411.6686
413.3,411.6686
413.3,411.6686
413.3,411.6686
413.3,411.6686
413.3,411.6686
413.3,411.6686
413.3,411.6686
413.3,411.6686
413.3,411.6686
413.3,411.6686
413.3,411.6686
413.3,411.6686
413.3,411.6686
413.3,411.6686
413.3,411.6686
413.3,411.6686
413.255,411.6686
413.15,411.6686
413.08,411.6686
412.91,411.6686
412.91,411.6686
412.91,411.6686
412.91,411.6686
412.89,411.6686
412.8,411.6686
412.64,411.6686
412.64,411.6686
412.64,411.6686
412.64,411.6686
412.64,411.6686
412.64,411.6686
412.64,411.6686
412.64,411.6686
412.64,411.6686
412.64,411.6686
412.64,411.6686
412.64,411.6686
412.64,411.6686
412.64,411.6686
412.64,411.6686
412.64,411.6686
412.64,411.6686
412.64,411.6686
412.685,411.6686
412.71,411.6686
412.71,411.6686
412.71,411.725
412.71,411.725
412.71,411.725
412.71,411.93
412.71,411.93
412.71,412.03
412.71,412.135
412.71,412.135
412.71,412.19
412.71,412.19
412.71,412.19
412.71,412.19
412.71,412.19
412.71,412.19
412.71,412.19
412.71,412.19
412.71,412.19
412.71,412.19
412.71,412.19
412.71,412.19
412.71,412.19
412.71,412.19
412.74,412.19
412.74,412.19
412.74,412.19
412.74,412.19
412.74,412.19
412.74,412.19
412.74,412.19
412.74,412.19
412.74,412.19
412.74,412.19
412.74,412.19
412.74,412.19
412.74,412.19
412.8,412.19
412.8,412.19
412.8,412.19
412.8,412.19
412.8,412.19
412.8,412.19
412.8,412.23
412.8,412.23
412.87,412.23
412.87,412.25
412.91,412.295
412.91,412.32
412.91,412.32
412.91,412.32
412.91,412.32
412.91,412.342
412.91,412.342
412.91,412.342
412.91,412.342
412.91,412.342
412.91,412.342
412.91,412.342
412.91,412.342
412.91,412.342
412.91,412.342
412.91,412.342
412.91,412.342
412.91,412.342
412.91,412.342
412.91,412.342
412.91,412.342
412.91,412.342
412.91,412.342
412.91,412.342
412.91,412.342
412.91,412.43
412.01,411.06
412.01,411.06
412.01,411.06
412.01,411.06
412.01,411.06
412.01,411.06
412.01,411.06
412.01,411.06
412.01,411.06
412.01,411.06
412.01,411.06
412.11,411.11
412.2,411.11
412.2,411.11
412.2,411.128
412.2,411.275
412.2,411.34
412.2,411.34
412.2,411.35
412.2,411.35
412.2,411.54
412.2,411.58
412.2,411.58
412.2,411.58
412.2,411.58
412.2,411.58
412.2,411.58
412.2,411.58
412.2,411.58
412.2,411.58
412.2,411.58
412.2,411.58
412.2,411.58
412.2,411.58
412.2,411.58
412.2,411.58
412.2,411.58
412.2,411.58
412.2,411.58
412.2,411.58
412.2,411.58
412.2,411.58
412.2,411.58
412.2,411.58
412.2,411.58
412.2,411.58
412.2,411.58
412.2,411.58
412.2,411.58
412.2,411.58
412.2,411.58
412.2,411.58
412.2,411.58
412.2,411.58
412.2,411.58
412.2,411.61
412.2,411.61
412.2,411.61
412.2,411.61
412.2,411.61
412.2,411.51
412.2,411.51
412.2,411.49
412.2,411.49
412.2,411.49
412.2,411.49
412.2,411.49
412.2,411.49
412.2,411.49
412.2,411.49
412.2,411.49
412.2,411.49
412.2,411.46
412.1362,411.46
412.13,411.46
412.13,411.39
412.13,411.39
412.13,411.39
412.13,411.39
412.13,411.39
412.13,411.39
412.13,411.39
412.13,411.39
412.13,411.39
412.13,411.39
412.13,411.39
412.13,411.39
412.13,411.39
412.13,411.39
412.13,411.39
412.13,411.39
412.13,411.39
412.13,411.39
412.13,411.39
412.13,411.39
412.13,411.39
412.13,411.39
412.13,411.39
412.13,411.39
412.13,411.29
412.13,411.25
412.08,411.25
412.08,411.22
412.045,411.22
412.032,411.22
412.032,411.22
412.02,411.22
412.02,411.22
411.98,411.22
411.98,411.22
411.91,411.22
411.91,411.22
411.91,411.22
411.91,411.22
411.91,411.22
411.91,411.22
411.91,411.22
411.91,411.22
411.91,411.22
411.91,411.215
411.91,411.215
411.91,411.215
411.91,411.185
411.91,411.04
411.91,411.04
411.91,411.04
411.91,411.04
411.91,411.04
411.91,411.04
411.91,411.04
411.91,411.04
411.91,411.04
411.91,411.04
411.91,411.04
411.91,411.04
411.91,411.04
411.91,411.04
411.91,411.04
411.91,411.04
411.91,411.04
411.91,411.04
411.91,411.04
411.91,411.04
411.91,411.04
411.91,411.04
411.91,411.04
411.91,411.04
411.91,411.04
411.91,411.04
411.91,411.04
411.91,411.04
411.89,411.04
411.82,411.04
411.82,411.04
411.82,411.04
411.82,411.04
411.82,411.04
411.82,411.04
411.82,411.04
411.82,411.04
411.82,411.04
411.82,411.04
411.82,411.04
411.82,411.04
411.82,411.04
411.82,411.04
411.82,411.04
411.82,411.04
411.82,411.04
411.82,411.04
411.82,411.04
411.82,411.04
411.82,411.04
411.82,411.04
411.82,411.04
411.82,411.04
411.82,411.04
411.82,411.04
411.82,411.04
411.82,411.04
411.82,411.04
411.82,411.04
411.82,411.04
411.82,411.04
411.82,411.09
411.82,411.13
411.82,411.18
411.82,411.18
411.82,411.18
411.82,411.215
411.82,411.27
411.82,411.385
411.82,411.41
411.82,411.41
411.82,411.36
411.82,411.36
411.82,411.36
411.82,411.15
411.82,411.15
411.82,411.15
411.82,411.15
411.82,411.08
411.82,410.5
411.82,410.5
411.82,410.5
411.82,410.5
411.82,410.44
411.82,410.41
411.81,410.41
411.81,410.395
411.81,410.35
412.87,411.97
412.87,411.97
412.96,411.97
413,411.97
413.19,411.97
413.19,412.02
413.19,412.05
413.19,412.062
413.2379,412.12
413.275,412.12
413.3,412.13
413.62,412.23
413.785,412.43
413.785,412.43
413.785,412.43
413.785,412.43
413.85,412.43
413.96,412.43
414.04,412.43
414.225,412.43
414.225,412.43
414.225,412.43
414.225,412.43
414.225,412.43
414.225,412.43
414.245,412.43
414.47,412.43
414.54,412.43
414.54,412.43
414.54,412.43
414.54,412.43
414.54,412.43
414.56,412.43
414.66,412.43
414.725,412.43
414.725,412.43
414.83,412.43
414.97,412.43
415.11,412.43
415.135,412.43
415.16,412.43
415.16,412.43
415.16,412.43
415.16,412.43
415.16,412.43
415.16,412.43
415.16,412.43
415.16,412.43
415.16,412.43
415.16,412.47
415.16,412.47
415.16,412.49
415.16,412.525
415.16,412.57
415.16,412.6
415.16,412.6
415.16,412.6
415.16,412.6
415.16,412.63
415.21,412.7
415.22,412.86
415.22,412.86
415.285,412.96
415.285,413
415.37,413.08
415.395,413.08
415.53,413.0885
415.53,413.16
415.53,413.2379
415.53,413.275
415.53,413.3
415.53,413.58
415.53,413.58
415.53,413.58
415.53,413.69
415.545,413.775
415.545,413.85
415.545,413.96
415.6,414.015
415.68,414.015
415.715,414.015
415.715,414.015
415.77,414.015
415.785,414.16
415.785,414.19
415.785,414.245
415.785,414.33
415.785,414.33
415.785,414.33
415.785,414.33
415.785,414.33
415.785,414.43
415.785,414.56
415.785,414.66
415.785,414.671
415.785,414.671
415.785,414.671
415.785,414.671
415.785,414.671
415.785,414.671
415.785,414.671
415.785,414.671
415.785,414.671
415.785,414.671
415.785,414.671
415.785,414.671
415.785,414.671
415.785,414.671
415.785,414.73
415.785,414.73
415.785,414.73
415.785,414.73
415.785,414.87
415.785,415
415.785,415.045
415.785,415.045
415.785,415.1
415.785,415.1
415.785,415.125
415.785,415.125
415.785,415.125
415.785,415.125
415.785,415.125
415.785,415.125
415.785,415.08
415.785,414.975
415.785,414.85
415.785,414.85
415.785,414.85
415.785,414.85
415.785,414.85
415.785,414.85
415.785,414.85
415.785,414.85
415.785,414.85
415.785,414.85
415.785,414.85
415.785,414.85
415.785,414.85
415.785,414.85
415.785,414.85
415.785,414.85
415.785,414.85
415.785,414.74
415.76,414.725
415.76,414.7172
415.76,414.7172
415.76,414.7172
415.76,414.7
415.76,414.69
415.76,414.62
415.76,414.56
415.65,414.56
415.61,414.56
415.61,414.56
415.53,414.56
415.5,414.56
415.5,414.56
415.5,414.56
415.5,414.56
415.5,414.56
415.5,414.56
415.5,414.56
415.5,414.56
415.5,414.56
415.5,414.56
415.4994,414.56
415.4994,414.56
415.4994,414.56
415.4994,414.56
415.4994,414.56
415.4994,414.56
415.4994,414.56
415.4994,414.56
415.4994,414.56
415.4994,414.56
415.4994,414.56
415.39,414.56
415.39,414.56
415.39,414.56
415.39,414.56
415.39,414.56
415.39,414.56
415.39,414.56
415.39,414.56
415.39,414.56
415.39,414.56
415.39,414.56
415.39,414.535
415.39,414.51
415.39,414.51
415.39,414.51
415.39,414.51
415.39,414.51
415.39,414.51
415.39,414.51
415.39,414.51
415.39,414.51
415.39,414.51
415.39,414.51
415.39,414.51
415.39,414.51
415.39,414.51
415.39,414.51
415.39,414.51
415.39,414.51
415.39,414.51
415.44,414.51
415.44,414.51
415.44,414.51
415.44,414.51
